fold,best_epoch,exact_accuracy,depth_accuracy,width_accuracy,depth_macro_f1,width_macro_f1,strategy_macro_f1,depth_abs_error,width_abs_error,cost_sensitive_error,comparable_query_count,mean_pred_llm_f1,mean_best_llm_f1,mean_baseline_llm_f1,mean_best_minus_pred_f1,mean_pred_minus_baseline_f1,loss
1,9,0.5185185185185185,0.6666666666666666,0.7037037037037037,0.46801075268817205,0.42492492492492495,0.15690396559961778,0.48148148148148145,0.8518518518518519,0.9074074074074074,27.0,0.42401218062982765,0.6275016204829039,0.27769607843137256,0.20348943985307624,0.14631610219845514,0.3997704784226075
2,4,0.48148148148148145,0.5555555555555556,0.6666666666666666,0.387719298245614,0.34285714285714286,0.21036168132942326,0.7037037037037037,0.7777777777777778,1.0925925925925926,27.0,0.3404873294346979,0.6468783068783068,0.24335511982570807,0.30639097744360905,0.0971322096089898,0.3720817176521133
3,4,0.52,0.8,0.68,0.4249512670565302,0.30000000000000004,0.12286501377410469,0.28,0.76,0.66,25.0,0.4076719576719576,0.6463264221158957,0.28807992202729044,0.23865446444393817,0.11959203564466721,0.3852351902646245
4,7,0.5833333333333334,0.6666666666666666,0.7916666666666666,0.3599537037037037,0.5535714285714286,0.2545454545454545,0.5,0.6666666666666666,0.8333333333333334,24.0,0.38718820861678005,0.6121223573604526,0.27414965986394557,0.22493414874367254,0.11303854875283445,0.39429289000810236
5,2,0.5555555555555556,0.5925925925925926,0.7037037037037037,0.35930735930735924,0.40731707317073174,0.20313390313390312,0.5925925925925926,0.7037037037037037,0.9444444444444444,27.0,0.41074380165289254,0.6438983717874319,0.29494293585202674,0.23315457013453933,0.11580086580086581,0.3941204617044838
